INSERT INTO seu.SEUACL ( SACL_TABELA, SACL_ITEM ,              SACL_CONTEUDO, SACL_IDUSUARIO ) VALUES (    '000113',      '001',    'DEFESA DE DISSERTAÇÃO',            101 );
INSERT INTO seu.SEUACL ( SACL_TABELA, SACL_ITEM ,              SACL_CONTEUDO, SACL_IDUSUARIO ) VALUES (    '000113',      '002',    'EXAME DE PROFICIÊNCIA',            101 );
INSERT INTO seu.SEUACL ( SACL_TABELA, SACL_ITEM ,              SACL_CONTEUDO, SACL_IDUSUARIO ) VALUES (    '000113',      '003',    'EXAME DE QUALIFICAÇÃO',            101 );
INSERT INTO seu.SEUACL ( SACL_TABELA, SACL_ITEM ,              SACL_CONTEUDO, SACL_IDUSUARIO ) VALUES (    '000113',      '004',               'ORIENTAÇÃO',            101 );
INSERT INTO seu.SEUACL ( SACL_TABELA, SACL_ITEM ,              SACL_CONTEUDO, SACL_IDUSUARIO ) VALUES (    '000113',      '005',               'MONOGRAFIA',            101 );

-- CADASTRO DO NOME DA TABELA
INSERT INTO seu.SEUAAB (SAAB_TABELA, SAAB_DESC, SAAB_IDUSUARIO) VALUES ('SEUAFB', 'Tabelas de Atividades', 101);
INSERT INTO seu.SEUAAB (SAAB_TABELA, SAAB_DESC, SAAB_IDUSUARIO) VALUES ('SEUAFC', 'Tabelas Cursos X Atividades', 101);

-- CADASTRO DOS CAMPOS DA TABELA
INSERT INTO seu.SEUAAC (SAAC_TABELA, SAAC_CAMPO, SAAC_DESC, SAAC_TIPO, SAAC_TAMANHO, SAAC_NIVEL, SAAC_FORMATO, SAAC_OBRIG, SAAC_VISIVEL, SAAC_ITEM, SAAC_SIZE, SAAC_EDITAVEL ) VALUES ('SEUAFB','SAFB_ITEM','Número do Item'                  ,'C','2'  ,'01','1','S','S','001','15','S' );
INSERT INTO seu.SEUAAC (SAAC_TABELA, SAAC_CAMPO, SAAC_DESC, SAAC_TIPO, SAAC_TAMANHO, SAAC_NIVEL, SAAC_FORMATO, SAAC_OBRIG, SAAC_VISIVEL, SAAC_ITEM, SAAC_SIZE, SAAC_EDITAVEL ) VALUES ('SEUAFB','SAFB_NUMRA','Número do RA'                   ,'C','15' ,'01','1','S','S','003','15','S' );
INSERT INTO seu.SEUAAC (SAAC_TABELA, SAAC_CAMPO, SAAC_DESC, SAAC_TIPO, SAAC_TAMANHO, SAAC_NIVEL, SAAC_FORMATO, SAAC_OBRIG, SAAC_VISIVEL, SAAC_ITEM, SAAC_SIZE, SAAC_EDITAVEL ) VALUES ('SEUAFB','SAFB_CODATV','Código da Atividade'           ,'C','6'  ,'01','1','S','S','002','6' ,'S' );
INSERT INTO seu.SEUAAC (SAAC_TABELA, SAAC_CAMPO, SAAC_DESC, SAAC_TIPO, SAAC_TAMANHO, SAAC_NIVEL, SAAC_FORMATO, SAAC_OBRIG, SAAC_VISIVEL, SAAC_ITEM, SAAC_SIZE, SAAC_EDITAVEL ) VALUES ('SEUAFB','SAFB_TITULO','Título da Atividade'           ,'C','180','01','1','S','S','009','3' ,'S' );
INSERT INTO seu.SEUAAC (SAAC_TABELA, SAAC_CAMPO, SAAC_DESC, SAAC_TIPO, SAAC_TAMANHO, SAAC_NIVEL, SAAC_FORMATO, SAAC_OBRIG, SAAC_VISIVEL, SAAC_ITEM, SAAC_SIZE, SAAC_EDITAVEL ) VALUES ('SEUAFB','SAFB_CODINS','Código da Instituição'         ,'C','6'  ,'01','1','S','S','007','3' ,'S' );
INSERT INTO seu.SEUAAC (SAAC_TABELA, SAAC_CAMPO, SAAC_DESC, SAAC_TIPO, SAAC_TAMANHO, SAAC_NIVEL, SAAC_FORMATO, SAAC_OBRIG, SAAC_VISIVEL, SAAC_ITEM, SAAC_SIZE, SAAC_EDITAVEL ) VALUES ('SEUAFB','SAFB_DSCINS','Descrição da Instituição'      ,'C','40' ,'01','1','S','S','008','3' ,'S' );
INSERT INTO seu.SEUAAC (SAAC_TABELA, SAAC_CAMPO, SAAC_DESC, SAAC_TIPO, SAAC_TAMANHO, SAAC_NIVEL, SAAC_FORMATO, SAAC_OBRIG, SAAC_VISIVEL, SAAC_ITEM, SAAC_SIZE, SAAC_EDITAVEL ) VALUES ('SEUAFB','SAFB_CIDINS','Cidade da Instituição'         ,'C','40' ,'01','1','S','S','004','3' ,'S' );
INSERT INTO seu.SEUAAC (SAAC_TABELA, SAAC_CAMPO, SAAC_DESC, SAAC_TIPO, SAAC_TAMANHO, SAAC_NIVEL, SAAC_FORMATO, SAAC_OBRIG, SAAC_VISIVEL, SAAC_ITEM, SAAC_SIZE, SAAC_EDITAVEL ) VALUES ('SEUAFB','SAFB_PAIINS','País da Instituição'           ,'C','6'  ,'01','1','S','S','006','3' ,'S' );
INSERT INTO seu.SEUAAC (SAAC_TABELA, SAAC_CAMPO, SAAC_DESC, SAAC_TIPO, SAAC_TAMANHO, SAAC_NIVEL, SAAC_FORMATO, SAAC_OBRIG, SAAC_VISIVEL, SAAC_ITEM, SAAC_SIZE, SAAC_EDITAVEL ) VALUES ('SEUAFB','SAFB_DATINI','Data do Início'                ,'C','8'  ,'01','1','S','S','010','8' ,'S' );
INSERT INTO seu.SEUAAC (SAAC_TABELA, SAAC_CAMPO, SAAC_DESC, SAAC_TIPO, SAAC_TAMANHO, SAAC_NIVEL, SAAC_FORMATO, SAAC_OBRIG, SAAC_VISIVEL, SAAC_ITEM, SAAC_SIZE, SAAC_EDITAVEL ) VALUES ('SEUAFB','SAFB_DATFIM','Hora do Término'               ,'C','8'  ,'01','1','S','S','011','8' ,'S' );
INSERT INTO seu.SEUAAC (SAAC_TABELA, SAAC_CAMPO, SAAC_DESC, SAAC_TIPO, SAAC_TAMANHO, SAAC_NIVEL, SAAC_FORMATO, SAAC_OBRIG, SAAC_VISIVEL, SAAC_ITEM, SAAC_SIZE, SAAC_EDITAVEL ) VALUES ('SEUAFB','SAFB_CGAHOR','Carga Horária'                 ,'C','4'  ,'01','1','S','S','012','3' ,'S' );
INSERT INTO seu.SEUAAC (SAAC_TABELA, SAAC_CAMPO, SAAC_DESC, SAAC_TIPO, SAAC_TAMANHO, SAAC_NIVEL, SAAC_FORMATO, SAAC_OBRIG, SAAC_VISIVEL, SAAC_ITEM, SAAC_SIZE, SAAC_EDITAVEL ) VALUES ('SEUAFB','SAFB_DSCDET','Descrição Detalhada'           ,'V','250','01','1','S','S','014','3' ,'S' );
INSERT INTO seu.SEUAAC (SAAC_TABELA, SAAC_CAMPO, SAAC_DESC, SAAC_TIPO, SAAC_TAMANHO, SAAC_NIVEL, SAAC_FORMATO, SAAC_OBRIG, SAAC_VISIVEL, SAAC_ITEM, SAAC_SIZE, SAAC_EDITAVEL ) VALUES ('SEUAFB','SAFB_CODPRO','Código do Professor Orientador','C','6'  ,'01','1','S','S','013','3' ,'S' );
INSERT INTO seu.SEUAAC (SAAC_TABELA, SAAC_CAMPO, SAAC_DESC, SAAC_TIPO, SAAC_TAMANHO, SAAC_NIVEL, SAAC_FORMATO, SAAC_OBRIG, SAAC_VISIVEL, SAAC_ITEM, SAAC_SIZE, SAAC_EDITAVEL ) VALUES ('SEUAFB','SAFB_DADADI','Dados Adicionais'              ,'V','250','01','1','S','S','015','3' ,'S' );
INSERT INTO seu.SEUAAC (SAAC_TABELA, SAAC_CAMPO, SAAC_DESC, SAAC_TIPO, SAAC_TAMANHO, SAAC_NIVEL, SAAC_FORMATO, SAAC_OBRIG, SAAC_VISIVEL, SAAC_ITEM, SAAC_SIZE, SAAC_EDITAVEL ) VALUES ('SEUAFB','SAFB_NOMINS','Nome do Instrutor'             ,'C','30' ,'01','1','S','S','018','3' ,'S' );
INSERT INTO seu.SEUAAC (SAAC_TABELA, SAAC_CAMPO, SAAC_DESC, SAAC_TIPO, SAAC_TAMANHO, SAAC_NIVEL, SAAC_FORMATO, SAAC_OBRIG, SAAC_VISIVEL, SAAC_ITEM, SAAC_SIZE, SAAC_EDITAVEL ) VALUES ('SEUAFB','SAFB_RESPAR','Parecer'                       ,'C','15' ,'01','1','S','S','017','3' ,'S' );
INSERT INTO seu.SEUAAC (SAAC_TABELA, SAAC_CAMPO, SAAC_DESC, SAAC_TIPO, SAAC_TAMANHO, SAAC_NIVEL, SAAC_FORMATO, SAAC_OBRIG, SAAC_VISIVEL, SAAC_ITEM, SAAC_SIZE, SAAC_EDITAVEL ) VALUES ('SEUAFB','SAFB_OBSERV','Observação'                    ,'V','250','01','1','S','S','016','3' ,'S' );
INSERT INTO seu.SEUAAC (SAAC_TABELA, SAAC_CAMPO, SAAC_DESC, SAAC_TIPO, SAAC_TAMANHO, SAAC_NIVEL, SAAC_FORMATO, SAAC_OBRIG, SAAC_VISIVEL, SAAC_ITEM, SAAC_SIZE, SAAC_EDITAVEL ) VALUES ('SEUAFB','SAFB_NOTA','Nota'                            ,'N','5'  ,'01','1','S','S','019','3' ,'S' );
INSERT INTO seu.SEUAAC (SAAC_TABELA, SAAC_CAMPO, SAAC_DESC, SAAC_TIPO, SAAC_TAMANHO, SAAC_NIVEL, SAAC_FORMATO, SAAC_OBRIG, SAAC_VISIVEL, SAAC_ITEM, SAAC_SIZE, SAAC_EDITAVEL ) VALUES ('SEUAFB','SAFB_IDEMPRESA','Código da Empresa'          ,'N','22' ,'99','1','S','N','098','2' ,'N' );
INSERT INTO seu.SEUAAC (SAAC_TABELA, SAAC_CAMPO, SAAC_DESC, SAAC_TIPO, SAAC_TAMANHO, SAAC_NIVEL, SAAC_FORMATO, SAAC_OBRIG, SAAC_VISIVEL, SAAC_ITEM, SAAC_SIZE, SAAC_EDITAVEL ) VALUES ('SEUAFB','SAFB_IDUSUARIO','Código do Usuário'          ,'N','22' ,'01','1','S','N','097','6' ,'N' );
INSERT INTO seu.SEUAAC (SAAC_TABELA, SAAC_CAMPO, SAAC_DESC, SAAC_TIPO, SAAC_TAMANHO, SAAC_NIVEL, SAAC_FORMATO, SAAC_OBRIG, SAAC_VISIVEL, SAAC_ITEM, SAAC_SIZE, SAAC_EDITAVEL ) VALUES ('SEUAFB','SAFB_NREG','Número Sequencial de Controle'   ,'S','22' ,'99','1','S','N','099','2' ,'N' );
INSERT INTO seu.SEUAAC (SAAC_TABELA, SAAC_CAMPO, SAAC_DESC, SAAC_TIPO, SAAC_TAMANHO, SAAC_NIVEL, SAAC_FORMATO, SAAC_OBRIG, SAAC_VISIVEL, SAAC_ITEM, SAAC_SIZE, SAAC_EDITAVEL ) VALUES ('SEUAFB','SAFB_ESTINS','Estado da Instituição'         ,'C','6'  ,'01','1','S','S','005','3' ,'S' );
INSERT INTO seu.SEUAAC (SAAC_TABELA, SAAC_CAMPO, SAAC_DESC, SAAC_TIPO, SAAC_TAMANHO, SAAC_NIVEL, SAAC_FORMATO, SAAC_OBRIG, SAAC_VISIVEL, SAAC_ITEM, SAAC_SIZE, SAAC_EDITAVEL ) VALUES ('SEUAFC'   , 'SAFC_CODATV'   , 'Código da Atividade'            , 'C'      , '6'         , '01'      , '1'         , 'S'       , 'S'         , '001'    , '6'      , 'S'           );
INSERT INTO seu.SEUAAC (SAAC_TABELA, SAAC_CAMPO, SAAC_DESC, SAAC_TIPO, SAAC_TAMANHO, SAAC_NIVEL, SAAC_FORMATO, SAAC_OBRIG, SAAC_VISIVEL, SAAC_ITEM, SAAC_SIZE, SAAC_EDITAVEL ) VALUES ('SEUAFC'   , 'SAFC_CODCUR'   , 'Código do Curso'                , 'C'      , '6'         , '01'      , '1'         , 'S'       , 'S'         , '002'    , '3'      , 'S'           );
INSERT INTO seu.SEUAAC (SAAC_TABELA, SAAC_CAMPO, SAAC_DESC, SAAC_TIPO, SAAC_TAMANHO, SAAC_NIVEL, SAAC_FORMATO, SAAC_OBRIG, SAAC_VISIVEL, SAAC_ITEM, SAAC_SIZE, SAAC_EDITAVEL ) VALUES ('SEUAFC'   , 'SAFC_VERSAO'   , 'Versão do Curso'                , 'C'      , '15'        , '01'      , '1'         , 'S'       , 'S'         , '003'    , '15'     , 'S'           );
INSERT INTO seu.SEUAAC (SAAC_TABELA, SAAC_CAMPO, SAAC_DESC, SAAC_TIPO, SAAC_TAMANHO, SAAC_NIVEL, SAAC_FORMATO, SAAC_OBRIG, SAAC_VISIVEL, SAAC_ITEM, SAAC_SIZE, SAAC_EDITAVEL ) VALUES ('SEUAFC'   , 'SAFC_IDEMPRESA', 'Código da Empresa'              , 'N'      , '22'        , '99'      , '1'         , 'S'       , 'N'         , '097'    , '2'      , 'N'           );
INSERT INTO seu.SEUAAC (SAAC_TABELA, SAAC_CAMPO, SAAC_DESC, SAAC_TIPO, SAAC_TAMANHO, SAAC_NIVEL, SAAC_FORMATO, SAAC_OBRIG, SAAC_VISIVEL, SAAC_ITEM, SAAC_SIZE, SAAC_EDITAVEL ) VALUES ('SEUAFC'   , 'SAFC_IDUSUARIO', 'Código do Usuário'              , 'N'      , '22'        , '01'      , '1'         , 'S'       , 'N'         , '098'    , '6'      , 'N'           );
INSERT INTO seu.SEUAAC (SAAC_TABELA, SAAC_CAMPO, SAAC_DESC, SAAC_TIPO, SAAC_TAMANHO, SAAC_NIVEL, SAAC_FORMATO, SAAC_OBRIG, SAAC_VISIVEL, SAAC_ITEM, SAAC_SIZE, SAAC_EDITAVEL ) VALUES ('SEUAFC'   , 'SAFC_NREG'     , 'Número Sequencial de Controle'  , 'S'      , '22'        , '99'      , '1'         , 'S'       , 'N'         , '099'    , '2'      , 'N'           );

-- CADASTRO DE INDICES PARA BUSCA
INSERT INTO seu.SEUACM ( SACM_TABELA, SACM_ITEM, SACM_NOME      , SACM_TIPO, SACM_CHAVE             ) VALUES ('SEUAFB'    , '001'    , 'SEUADN_IDX_01', '3'      , 'SAFB_IDEMPRESA;SAFB_NUMRA');
INSERT INTO seu.SEUACM ( SACM_TABELA, SACM_ITEM, SACM_NOME      , SACM_TIPO, SACM_CHAVE             ) VALUES ('SEUAFC'    , '001'    , 'SEUADN_IDX_01', '3'      , 'SAFC_IDEMPRESA;SAFC_CODATV');
INSERT INTO seu.SEUACM ( SACM_TABELA, SACM_ITEM, SACM_NOME      , SACM_TIPO, SACM_CHAVE             ) VALUES ('SEUAFC'    , '002'    , 'SEUADN_IDX_02', '3'      , 'SAFC_IDEMPRESA;SAFC_VERSAO;SAFC_CODCUR');

-- CADASTRO DE FONTES
INSERT INTO seu.SEUAAJ ( SAAJ_FONTE, SAAJ_PASTA, SAAJ_DESC ) VALUES ( 'SEU_FRM0126.php' , 'SEU0077' , 'Cadastro de Atividades para Alunos' );
INSERT INTO seu.SEUAAJ ( SAAJ_FONTE, SAAJ_PASTA, SAAJ_DESC ) VALUES ( 'SEU_FRM0127.php' , 'SEU0077' , 'Alteração de Atividades para Alunos' );
INSERT INTO seu.SEUAAJ ( SAAJ_FONTE, SAAJ_PASTA, SAAJ_DESC ) VALUES ( 'SEU_FRM0128.php' , 'SEU0077' , 'Exclusão de Atividades para Alunos' );
INSERT INTO seu.SEUAAJ ( SAAJ_FONTE, SAAJ_PASTA, SAAJ_DESC ) VALUES ( 'SEU_FRM0129.php' , 'SEU0077' , 'Visualização de Atividades para Alunos' );
INSERT INTO seu.SEUAAJ ( SAAJ_FONTE, SAAJ_PASTA, SAAJ_DESC ) VALUES ( 'SEU_FRM0130.php' , 'SEU0077' , 'Pop-up dos campos memos' );
INSERT INTO seu.SEUAAJ ( SAAJ_FONTE, SAAJ_PASTA, SAAJ_DESC ) VALUES ( 'SEU_ACT0109.php' , 'SEU0077' , 'Processos de inclusão, alteração e exclusão' );
INSERT INTO seu.SEUAAJ ( SAAJ_FONTE, SAAJ_PASTA, SAAJ_DESC ) VALUES ( 'SEU_FRM0134.php' , 'SEU0078' , 'Cadastro de Atividades X Cursos' );
INSERT INTO seu.SEUAAJ ( SAAJ_FONTE, SAAJ_PASTA, SAAJ_DESC ) VALUES ( 'SEU_FRM0135.php' , 'SEU0078' , 'Exclusão de Atividades X Cursos' );
INSERT INTO seu.SEUAAJ ( SAAJ_FONTE, SAAJ_PASTA, SAAJ_DESC ) VALUES ( 'SEU_ACT0117.php' , 'SEU0078' , 'Gravação e Exclusão de Atividades X Cursos' ) ;             

-- CADASTRO DE ROTINAS
INSERT INTO seu.SEUAAG ( SAAG_IDMENU, SAAG_DESC, SAAG_PASTA, SAAG_HABILITADO, SAAG_OBS, SAAG_TABELA,SAAG_IDUSUARIO) VALUES ( '26' , 'Cadastro de Atividades' , 'SEU0077' , 'S' , 'Cadastro de Atividades dos alunos' , 'SEUAFB' , '101' );
INSERT INTO seu.SEUAAG ( SAAG_IDMENU, SAAG_DESC, SAAG_PASTA, SAAG_HABILITADO, SAAG_OBS, SAAG_TABELA,SAAG_IDUSUARIO) VALUES ( '26' , 'Atividades x Cursos'    , 'SEU0078' , 'S' , 'Cadastro de Atividades por Curso'  , 'SEUAFC' , '101' );

-- CADASTRO DE OPÇÕES DE ROTINAS
INSERT INTO seu.SEUAAH ( SAAH_IDOPCAO, SAAH_DESC   , SAAH_LINK           , SAAH_OBS                       , SAAH_BUSCA, SAAH_IDUSUARIO, SAAH_IDROTINA ) VALUES ( '1' , 'Incluir'    , 'SEU_FRM0126.php' , 'Clique aqui para incluir'    , '1' , '101' , '983' );
INSERT INTO seu.SEUAAH ( SAAH_IDOPCAO, SAAH_DESC   , SAAH_LINK           , SAAH_OBS                       , SAAH_BUSCA, SAAH_IDUSUARIO, SAAH_IDROTINA ) VALUES ( '2' , 'Alterar'    , 'SEU_FRM0127.php' , 'Clique aqui para alterar'    , '2' , '101' , '983' );
INSERT INTO seu.SEUAAH ( SAAH_IDOPCAO, SAAH_DESC   , SAAH_LINK           , SAAH_OBS                       , SAAH_BUSCA, SAAH_IDUSUARIO, SAAH_IDROTINA ) VALUES ( '3' , 'Excluir'    , 'SEU_FRM0128.php' , 'Clique aqui para excluir'    , '3' , '101' , '983' );
INSERT INTO seu.SEUAAH ( SAAH_IDOPCAO, SAAH_DESC   , SAAH_LINK           , SAAH_OBS                       , SAAH_BUSCA, SAAH_IDUSUARIO, SAAH_IDROTINA ) VALUES ( '4' , 'Visualizar' , 'SEU_FRM0129.php' , 'Clique aqui para visualizar' , '4' , '101' , '983' );
INSERT INTO seu.SEUAAH ( SAAH_IDOPCAO, SAAH_DESC   , SAAH_LINK           , SAAH_OBS                       , SAAH_BUSCA, SAAH_IDUSUARIO, SAAH_IDROTINA ) VALUES ( '1' , 'Incluir'    , 'SEU_FRM0134.php' , 'Clique aqui para incluir'    , '1' , '101' , '990' );
INSERT INTO seu.SEUAAH ( SAAH_IDOPCAO, SAAH_DESC   , SAAH_LINK           , SAAH_OBS                       , SAAH_BUSCA, SAAH_IDUSUARIO, SAAH_IDROTINA ) VALUES ( '2' , 'Excluir'    , 'SEU_FRM0135.php' , 'Clique aqui para excluir'    , '2' , '101' , '990' );
